FUZZ,url,redirectlocation,position,status_code,content_length,content_words,content_lines,content_type,duration,resultfile,Ffufhash
54bbe903b99e70eb,http://94.237.57.211:40271/stats/54bbe903b99e70eb_index.html/stats.txt,,632,404,52,4,3,text/html,81.290123ms,,85ed4278
d2cd448bb8a8a6cf,http://94.237.57.211:40271/stats/d2cd448bb8a8a6cf_index.html/stats.txt,,631,404,52,4,3,text/html,81.648763ms,,85ed4277
fa12d169259f3ca8,http://94.237.57.211:40271/stats/fa12d169259f3ca8_index.html/stats.txt,,648,404,52,4,3,text/html,79.030321ms,,85ed4288
44b9dc838d1aa96a,http://94.237.57.211:40271/stats/44b9dc838d1aa96a_index.html/stats.txt,,727,404,52,4,3,text/html,79.152819ms,,85ed42d7
5426e7ae329c51c9,http://94.237.57.211:40271/stats/5426e7ae329c51c9_index.html/stats.txt,,718,404,52,4,3,text/html,79.22395ms,,85ed42ce
7744d0131994ba34,http://94.237.57.211:40271/stats/7744d0131994ba34_index.html/stats.txt,,647,404,52,4,3,text/html,80.37511ms,,85ed4287
7a70496cf6c042f1,http://94.237.57.211:40271/stats/7a70496cf6c042f1_index.html/stats.txt,,719,404,52,4,3,text/html,80.461955ms,,85ed42cf
1834df1dfd69f494,http://94.237.57.211:40271/stats/1834df1dfd69f494_index.html/stats.txt,,638,404,52,4,3,text/html,80.53428ms,,85ed427e
97de1e7ff28677d5,http://94.237.57.211:40271/stats/97de1e7ff28677d5_index.html/stats.txt,,715,404,52,4,3,text/html,80.824275ms,,85ed42cb
fe39ebe7921527e6,http://94.237.57.211:40271/stats/fe39ebe7921527e6_index.html/stats.txt,,721,404,52,4,3,text/html,81.391585ms,,85ed42d1
e6097117b08cd059,http://94.237.57.211:40271/stats/e6097117b08cd059_index.html/stats.txt,,720,404,52,4,3,text/html,82.663495ms,,85ed42d0
91b4ea725e017819,http://94.237.57.211:40271/stats/91b4ea725e017819_index.html/stats.txt,,649,404,52,4,3,text/html,75.354436ms,,85ed4289
3e56d17337108ee2,http://94.237.57.211:40271/stats/3e56d17337108ee2_index.html/stats.txt,,738,404,52,4,3,text/html,74.916889ms,,85ed42e2
ab0e8f8f866d3ce4,http://94.237.57.211:40271/stats/ab0e8f8f866d3ce4_index.html/stats.txt,,735,404,52,4,3,text/html,81.859855ms,,85ed42df
567f914c3fd33e25,http://94.237.57.211:40271/stats/567f914c3fd33e25_index.html/stats.txt,,723,404,52,4,3,text/html,79.45121ms,,85ed42d3
42ef35f4e2c15437,http://94.237.57.211:40271/stats/42ef35f4e2c15437_index.html/stats.txt,,736,404,52,4,3,text/html,80.785206ms,,85ed42e0
549ef4ff6fa90194,http://94.237.57.211:40271/stats/549ef4ff6fa90194_index.html/stats.txt,,733,404,52,4,3,text/html,81.009325ms,,85ed42dd
5ed5b351b2f38b60,http://94.237.57.211:40271/stats/5ed5b351b2f38b60_index.html/stats.txt,,732,404,52,4,3,text/html,81.782742ms,,85ed42dc
5f4836cef13763dd,http://94.237.57.211:40271/stats/5f4836cef13763dd_index.html/stats.txt,,737,404,52,4,3,text/html,81.099ms,,85ed42e1
1e1e71a48bad88ce,http://94.237.57.211:40271/stats/1e1e71a48bad88ce_index.html/stats.txt,,739,404,52,4,3,text/html,75.362366ms,,85ed42e3
9dbdc27f7e17b6dd,http://94.237.57.211:40271/stats/9dbdc27f7e17b6dd_index.html/stats.txt,,740,404,52,4,3,text/html,80.342151ms,,85ed42e4
ddaf3d8d3c0de63a,http://94.237.57.211:40271/stats/ddaf3d8d3c0de63a_index.html/stats.txt,,724,404,52,4,3,text/html,79.554736ms,,85ed42d4
ec07f3f334e13f1b,http://94.237.57.211:40271/stats/ec07f3f334e13f1b_index.html/stats.txt,,734,404,52,4,3,text/html,80.288932ms,,85ed42de
e40be0f6ff24ef7f,http://94.237.57.211:40271/stats/e40be0f6ff24ef7f_index.html/stats.txt,,660,404,52,4,3,text/html,74.326729ms,,85ed4294
de7816ad21512e21,http://94.237.57.211:40271/stats/de7816ad21512e21_index.html/stats.txt,,501,404,52,4,3,text/html,74.400227ms,,85ed41f5
95e98e8c293417eb,http://94.237.57.211:40271/stats/95e98e8c293417eb_index.html/stats.txt,,500,404,52,4,3,text/html,74.994911ms,,85ed41f4
5fecac51240f2e62,http://94.237.57.211:40271/stats/5fecac51240f2e62_index.html/stats.txt,,741,404,52,4,3,text/html,79.445117ms,,85ed42e5
a32e8bd3cc2f5516,http://94.237.57.211:40271/stats/a32e8bd3cc2f5516_index.html/stats.txt,,661,404,52,4,3,text/html,76.733852ms,,85ed4295
65ffd59c0f647e2d,http://94.237.57.211:40271/stats/65ffd59c0f647e2d_index.html/stats.txt,,742,404,52,4,3,text/html,80.15585ms,,85ed42e6
4caf2b18df802e49,http://94.237.57.211:40271/stats/4caf2b18df802e49_index.html/stats.txt,,665,404,52,4,3,text/html,76.80376ms,,85ed4299
c271502b8191bdcc,http://94.237.57.211:40271/stats/c271502b8191bdcc_index.html/stats.txt,,499,404,52,4,3,text/html,76.875378ms,,85ed41f3
a6902ea5b41e2457,http://94.237.57.211:40271/stats/a6902ea5b41e2457_index.html/stats.txt,,664,404,52,4,3,text/html,79.053441ms,,85ed4298
001fff5d3271cb86,http://94.237.57.211:40271/stats/001fff5d3271cb86_index.html/stats.txt,,498,404,52,4,3,text/html,79.563906ms,,85ed41f2
304fe34d549bb038,http://94.237.57.211:40271/stats/304fe34d549bb038_index.html/stats.txt,,663,404,52,4,3,text/html,80.200811ms,,85ed4297
6aa3406bb2c33087,http://94.237.57.211:40271/stats/6aa3406bb2c33087_index.html/stats.txt,,662,404,52,4,3,text/html,80.968554ms,,85ed4296
3440b088db60c181,http://94.237.57.211:40271/stats/3440b088db60c181_index.html/stats.txt,,667,404,52,4,3,text/html,81.591188ms,,85ed429b
236fb4d532e55c63,http://94.237.57.211:40271/stats/236fb4d532e55c63_index.html/stats.txt,,666,404,52,4,3,text/html,81.259803ms,,85ed429a
32962a5bca4246a9,http://94.237.57.211:40271/stats/32962a5bca4246a9_index.html/stats.txt,,504,404,52,4,3,text/html,81.992406ms,,85ed41f8
51ac96cde0c5c058,http://94.237.57.211:40271/stats/51ac96cde0c5c058_index.html/stats.txt,,654,404,52,4,3,text/html,80.646988ms,,85ed428e
82efd10d9c59db39,http://94.237.57.211:40271/stats/82efd10d9c59db39_index.html/stats.txt,,743,404,52,4,3,text/html,78.751474ms,,85ed42e7
93b82fa31cadd09e,http://94.237.57.211:40271/stats/93b82fa31cadd09e_index.html/stats.txt,,746,404,52,4,3,text/html,78.47801ms,,85ed42ea
5c1f65802e94e293,http://94.237.57.211:40271/stats/5c1f65802e94e293_index.html/stats.txt,,745,404,52,4,3,text/html,79.409419ms,,85ed42e9
179eb995b56f7314,http://94.237.57.211:40271/stats/179eb995b56f7314_index.html/stats.txt,,744,404,52,4,3,text/html,80.271203ms,,85ed42e8
3a547668e859fb7b,http://94.237.57.211:40271/stats/3a547668e859fb7b_index.html/stats.txt,,749,404,52,4,3,text/html,79.049481ms,,85ed42ed
9ca2ab38fb877212,http://94.237.57.211:40271/stats/9ca2ab38fb877212_index.html/stats.txt,,747,404,52,4,3,text/html,80.322893ms,,85ed42eb
112a1e2dd7efcb73,http://94.237.57.211:40271/stats/112a1e2dd7efcb73_index.html/stats.txt,,750,404,52,4,3,text/html,81.25375ms,,85ed42ee
252ba8da9a1beef6,http://94.237.57.211:40271/stats/252ba8da9a1beef6_index.html/stats.txt,,748,404,52,4,3,text/html,82.446863ms,,85ed42ec
9176ab8cfd1d9f22,http://94.237.57.211:40271/stats/9176ab8cfd1d9f22_index.html/stats.txt,,751,404,52,4,3,text/html,81.519296ms,,85ed42ef
46d121d8e649bf21,http://94.237.57.211:40271/stats/46d121d8e649bf21_index.html/stats.txt,,725,404,52,4,3,text/html,80.283959ms,,85ed42d5
4847fce362ebd99c,http://94.237.57.211:40271/stats/4847fce362ebd99c_index.html/stats.txt,,752,404,52,4,3,text/html,80.463031ms,,85ed42f0
29c1e700b0b27341,http://94.237.57.211:40271/stats/29c1e700b0b27341_index.html/stats.txt,,754,404,52,4,3,text/html,75.792221ms,,85ed42f2
6fb8dbab24242fd8,http://94.237.57.211:40271/stats/6fb8dbab24242fd8_index.html/stats.txt,,759,404,52,4,3,text/html,75.07366ms,,85ed42f7
b34567153041b16f,http://94.237.57.211:40271/stats/b34567153041b16f_index.html/stats.txt,,756,404,52,4,3,text/html,76.147314ms,,85ed42f4
3f500427a9ffa2ba,http://94.237.57.211:40271/stats/3f500427a9ffa2ba_index.html/stats.txt,,753,404,52,4,3,text/html,80.911437ms,,85ed42f1
91b5963ab438f4dd,http://94.237.57.211:40271/stats/91b5963ab438f4dd_index.html/stats.txt,,757,404,52,4,3,text/html,77.940575ms,,85ed42f5
281ecd263c6c4884,http://94.237.57.211:40271/stats/281ecd263c6c4884_index.html/stats.txt,,755,404,52,4,3,text/html,80.4872ms,,85ed42f3
6997ed99d89f0869,http://94.237.57.211:40271/stats/6997ed99d89f0869_index.html/stats.txt,,760,404,52,4,3,text/html,80.571861ms,,85ed42f8
f9dbdda98d50eab5,http://94.237.57.211:40271/stats/f9dbdda98d50eab5_index.html/stats.txt,,758,404,52,4,3,text/html,82.85587ms,,85ed42f6
549ea309d697e6d0,http://94.237.57.211:40271/stats/549ea309d697e6d0_index.html/stats.txt,,761,404,52,4,3,text/html,81.18365ms,,85ed42f9
1c902e40b45e181d,http://94.237.57.211:40271/stats/1c902e40b45e181d_index.html/stats.txt,,763,404,52,4,3,text/html,80.049246ms,,85ed42fb
72c479ff1464b483,http://94.237.57.211:40271/stats/72c479ff1464b483_index.html/stats.txt,,762,404,52,4,3,text/html,82.95208ms,,85ed42fa
5bac93006ac9f9c6,http://94.237.57.211:40271/stats/5bac93006ac9f9c6_index.html/stats.txt,,768,404,52,4,3,text/html,79.032456ms,,85ed4300
f506b6cda5be36f9,http://94.237.57.211:40271/stats/f506b6cda5be36f9_index.html/stats.txt,,764,404,52,4,3,text/html,81.828473ms,,85ed42fc
3fb8d37262801ce2,http://94.237.57.211:40271/stats/3fb8d37262801ce2_index.html/stats.txt,,777,404,52,4,3,text/html,75.307257ms,,85ed4309
25733cd9d155f6c6,http://94.237.57.211:40271/stats/25733cd9d155f6c6_index.html/stats.txt,,767,404,52,4,3,text/html,79.871643ms,,85ed42ff
a2fcf912e5fbf492,http://94.237.57.211:40271/stats/a2fcf912e5fbf492_index.html/stats.txt,,769,404,52,4,3,text/html,80.344224ms,,85ed4301
2e3f2174652bc7c2,http://94.237.57.211:40271/stats/2e3f2174652bc7c2_index.html/stats.txt,,779,404,52,4,3,text/html,75.721033ms,,85ed430b
5cd9023270e902e2,http://94.237.57.211:40271/stats/5cd9023270e902e2_index.html/stats.txt,,765,404,52,4,3,text/html,82.491127ms,,85ed42fd
5d4aca5e830802b9,http://94.237.57.211:40271/stats/5d4aca5e830802b9_index.html/stats.txt,,776,404,52,4,3,text/html,77.906146ms,,85ed4308
0d37407701393ea3,http://94.237.57.211:40271/stats/0d37407701393ea3_index.html/stats.txt,,772,404,52,4,3,text/html,79.488803ms,,85ed4304
ad7ce1c1e09545fc,http://94.237.57.211:40271/stats/ad7ce1c1e09545fc_index.html/stats.txt,,766,404,52,4,3,text/html,82.558155ms,,85ed42fe
77d553576b985390,http://94.237.57.211:40271/stats/77d553576b985390_index.html/stats.txt,,770,404,52,4,3,text/html,80.946755ms,,85ed4302
3537b61a32aaacaa,http://94.237.57.211:40271/stats/3537b61a32aaacaa_index.html/stats.txt,,773,404,52,4,3,text/html,80.671385ms,,85ed4305
0c906adde560a440,http://94.237.57.211:40271/stats/0c906adde560a440_index.html/stats.txt,,771,404,52,4,3,text/html,81.951106ms,,85ed4303
33e20bcd05bda7e0,http://94.237.57.211:40271/stats/33e20bcd05bda7e0_index.html/stats.txt,,784,404,52,4,3,text/html,76.002637ms,,85ed4310
e5e582ca46260a53,http://94.237.57.211:40271/stats/e5e582ca46260a53_index.html/stats.txt,,775,404,52,4,3,text/html,81.016892ms,,85ed4307
801dcd187249bd57,http://94.237.57.211:40271/stats/801dcd187249bd57_index.html/stats.txt,,778,404,52,4,3,text/html,80.79915ms,,85ed430a
800001eb98557ba4,http://94.237.57.211:40271/stats/800001eb98557ba4_index.html/stats.txt,,774,404,52,4,3,text/html,82.458288ms,,85ed4306
42f31e485b3ecde1,http://94.237.57.211:40271/stats/42f31e485b3ecde1_index.html/stats.txt,,785,404,52,4,3,text/html,75.750081ms,,85ed4311
85ed9ef8365b4f65,http://94.237.57.211:40271/stats/85ed9ef8365b4f65_index.html/stats.txt,,782,404,52,4,3,text/html,79.289304ms,,85ed430e
9a71d9ff9ca1c112,http://94.237.57.211:40271/stats/9a71d9ff9ca1c112_index.html/stats.txt,,783,404,52,4,3,text/html,78.98139ms,,85ed430f
759221f99a23b2da,http://94.237.57.211:40271/stats/759221f99a23b2da_index.html/stats.txt,,780,404,52,4,3,text/html,81.089136ms,,85ed430c
0353420910e9e952,http://94.237.57.211:40271/stats/0353420910e9e952_index.html/stats.txt,,788,404,52,4,3,text/html,75.414297ms,,85ed4314
db854c3d05682085,http://94.237.57.211:40271/stats/db854c3d05682085_index.html/stats.txt,,781,404,52,4,3,text/html,81.299442ms,,85ed430d
2b6bd962c628c760,http://94.237.57.211:40271/stats/2b6bd962c628c760_index.html/stats.txt,,786,404,52,4,3,text/html,78.872976ms,,85ed4312
d3f2d39a1b9afab4,http://94.237.57.211:40271/stats/d3f2d39a1b9afab4_index.html/stats.txt,,790,404,52,4,3,text/html,76.52713ms,,85ed4316
99a05f3641214874,http://94.237.57.211:40271/stats/99a05f3641214874_index.html/stats.txt,,787,404,52,4,3,text/html,82.362061ms,,85ed4313
dd079a3845681971,http://94.237.57.211:40271/stats/dd079a3845681971_index.html/stats.txt,,789,404,52,4,3,text/html,80.881504ms,,85ed4315
3d0258589c520dd6,http://94.237.57.211:40271/stats/3d0258589c520dd6_index.html/stats.txt,,794,404,52,4,3,text/html,76.810576ms,,85ed431a
752d45919e2d8a17,http://94.237.57.211:40271/stats/752d45919e2d8a17_index.html/stats.txt,,796,404,52,4,3,text/html,77.947547ms,,85ed431c
3a5aea7c7b32f07e,http://94.237.57.211:40271/stats/3a5aea7c7b32f07e_index.html/stats.txt,,791,404,52,4,3,text/html,78.970831ms,,85ed4317
acf752272a43a6af,http://94.237.57.211:40271/stats/acf752272a43a6af_index.html/stats.txt,,795,404,52,4,3,text/html,79.310214ms,,85ed431b
06b09da202aa78af,http://94.237.57.211:40271/stats/06b09da202aa78af_index.html/stats.txt,,798,404,52,4,3,text/html,76.259064ms,,85ed431e
853287951c71e8f9,http://94.237.57.211:40271/stats/853287951c71e8f9_index.html/stats.txt,,792,404,52,4,3,text/html,81.299795ms,,85ed4318
788231beea4b2fbe,http://94.237.57.211:40271/stats/788231beea4b2fbe_index.html/stats.txt,,793,404,52,4,3,text/html,82.947648ms,,85ed4319
afbcd59a07045844,http://94.237.57.211:40271/stats/afbcd59a07045844_index.html/stats.txt,,797,404,52,4,3,text/html,79.590563ms,,85ed431d
a1cbd6cb0e7c7b83,http://94.237.57.211:40271/stats/a1cbd6cb0e7c7b83_index.html/stats.txt,,799,404,52,4,3,text/html,80.368848ms,,85ed431f
5b343662388ea73e,http://94.237.57.211:40271/stats/5b343662388ea73e_index.html/stats.txt,,801,404,52,4,3,text/html,76.761469ms,,85ed4321
aac01548ed9f5f9c,http://94.237.57.211:40271/stats/aac01548ed9f5f9c_index.html/stats.txt,,800,404,52,4,3,text/html,81.191687ms,,85ed4320
5080daba15fa7fde,http://94.237.57.211:40271/stats/5080daba15fa7fde_index.html/stats.txt,,808,404,52,4,3,text/html,75.42501ms,,85ed4328
e026785747d0e089,http://94.237.57.211:40271/stats/e026785747d0e089_index.html/stats.txt,,813,404,52,4,3,text/html,74.50514ms,,85ed432d
3e44e041ee59f08f,http://94.237.57.211:40271/stats/3e44e041ee59f08f_index.html/stats.txt,,802,404,52,4,3,text/html,79.208916ms,,85ed4322
96ca35836a951fc5,http://94.237.57.211:40271/stats/96ca35836a951fc5_index.html/stats.txt,,804,404,52,4,3,text/html,79.175759ms,,85ed4324
132164017a54909e,http://94.237.57.211:40271/stats/132164017a54909e_index.html/stats.txt,,806,404,52,4,3,text/html,77.951051ms,,85ed4326
24c65b3243d6b5ed,http://94.237.57.211:40271/stats/24c65b3243d6b5ed_index.html/stats.txt,,803,404,52,4,3,text/html,80.537218ms,,85ed4323
1aebd05dc1854a57,http://94.237.57.211:40271/stats/1aebd05dc1854a57_index.html/stats.txt,,807,404,52,4,3,text/html,79.108301ms,,85ed4327
c9562802e4cf4023,http://94.237.57.211:40271/stats/c9562802e4cf4023_index.html/stats.txt,,805,404,52,4,3,text/html,81.460398ms,,85ed4325
431ea28aee82137a,http://94.237.57.211:40271/stats/431ea28aee82137a_index.html/stats.txt,,817,404,52,4,3,text/html,75.957502ms,,85ed4331
6e31d7626a1da64b,http://94.237.57.211:40271/stats/6e31d7626a1da64b_index.html/stats.txt,,816,404,52,4,3,text/html,76.554369ms,,85ed4330
8b6b459b869fc58c,http://94.237.57.211:40271/stats/8b6b459b869fc58c_index.html/stats.txt,,814,404,52,4,3,text/html,78.154861ms,,85ed432e
52fab967f4394544,http://94.237.57.211:40271/stats/52fab967f4394544_index.html/stats.txt,,812,404,52,4,3,text/html,79.679681ms,,85ed432c
062a87c8afd21fff,http://94.237.57.211:40271/stats/062a87c8afd21fff_index.html/stats.txt,,811,404,52,4,3,text/html,81.97249ms,,85ed432b
42bb8abc0f1b5a2a,http://94.237.57.211:40271/stats/42bb8abc0f1b5a2a_index.html/stats.txt,,810,404,52,4,3,text/html,81.213097ms,,85ed432a
50a7e03476215789,http://94.237.57.211:40271/stats/50a7e03476215789_index.html/stats.txt,,809,404,52,4,3,text/html,82.817176ms,,85ed4329
c94c54781e747870,http://94.237.57.211:40271/stats/c94c54781e747870_index.html/stats.txt,,815,404,52,4,3,text/html,80.562642ms,,85ed432f
26543845c8b0b536,http://94.237.57.211:40271/stats/26543845c8b0b536_index.html/stats.txt,,819,404,52,4,3,text/html,80.383077ms,,85ed4333
ed581573f7da00c0,http://94.237.57.211:40271/stats/ed581573f7da00c0_index.html/stats.txt,,818,404,52,4,3,text/html,80.326728ms,,85ed4332
6209b00c4748f9a4,http://94.237.57.211:40271/stats/6209b00c4748f9a4_index.html/stats.txt,,824,404,52,4,3,text/html,77.739372ms,,85ed4338
e2da1dd9b41d99db,http://94.237.57.211:40271/stats/e2da1dd9b41d99db_index.html/stats.txt,,822,404,52,4,3,text/html,78.96744ms,,85ed4336
e28d984caa3e97ed,http://94.237.57.211:40271/stats/e28d984caa3e97ed_index.html/stats.txt,,820,404,52,4,3,text/html,80.279996ms,,85ed4334
71d1203a82d57064,http://94.237.57.211:40271/stats/71d1203a82d57064_index.html/stats.txt,,823,404,52,4,3,text/html,80.620209ms,,85ed4337
203fcca2153d0677,http://94.237.57.211:40271/stats/203fcca2153d0677_index.html/stats.txt,,827,404,52,4,3,text/html,74.728181ms,,85ed433b
5d39774bbc8ac5a9,http://94.237.57.211:40271/stats/5d39774bbc8ac5a9_index.html/stats.txt,,821,404,52,4,3,text/html,81.50943ms,,85ed4335
8170f03dfab5e7dc,http://94.237.57.211:40271/stats/8170f03dfab5e7dc_index.html/stats.txt,,825,404,52,4,3,text/html,79.120702ms,,85ed4339
9004b544214e1f92,http://94.237.57.211:40271/stats/9004b544214e1f92_index.html/stats.txt,,826,404,52,4,3,text/html,80.99102ms,,85ed433a
46b6848dfe7d3280,http://94.237.57.211:40271/stats/46b6848dfe7d3280_index.html/stats.txt,,828,404,52,4,3,text/html,80.634803ms,,85ed433c
8d836f642834ccd0,http://94.237.57.211:40271/stats/8d836f642834ccd0_index.html/stats.txt,,833,404,52,4,3,text/html,75.157607ms,,85ed4341
ee22bde8d7a4c567,http://94.237.57.211:40271/stats/ee22bde8d7a4c567_index.html/stats.txt,,829,404,52,4,3,text/html,80.592125ms,,85ed433d
0b288b20659197ab,http://94.237.57.211:40271/stats/0b288b20659197ab_index.html/stats.txt,,831,404,52,4,3,text/html,78.960361ms,,85ed433f
a87aacc9c9cb5ce9,http://94.237.57.211:40271/stats/a87aacc9c9cb5ce9_index.html/stats.txt,,830,404,52,4,3,text/html,80.094838ms,,85ed433e
1eec6e847d062fc4,http://94.237.57.211:40271/stats/1eec6e847d062fc4_index.html/stats.txt,,835,404,52,4,3,text/html,78.605958ms,,85ed4343
af789a7843f6614e,http://94.237.57.211:40271/stats/af789a7843f6614e_index.html/stats.txt,,834,404,52,4,3,text/html,80.873298ms,,85ed4342
471b3946996bc687,http://94.237.57.211:40271/stats/471b3946996bc687_index.html/stats.txt,,832,404,52,4,3,text/html,83.010068ms,,85ed4340
21680abad3d04160,http://94.237.57.211:40271/stats/21680abad3d04160_index.html/stats.txt,,836,404,52,4,3,text/html,80.987937ms,,85ed4344
59097fd60fae9b31,http://94.237.57.211:40271/stats/59097fd60fae9b31_index.html/stats.txt,,839,404,52,4,3,text/html,75.883278ms,,85ed4347
09e60c4cdc6d9bfb,http://94.237.57.211:40271/stats/09e60c4cdc6d9bfb_index.html/stats.txt,,838,404,52,4,3,text/html,78.961234ms,,85ed4346
54b1c57ce5914c94,http://94.237.57.211:40271/stats/54b1c57ce5914c94_index.html/stats.txt,,837,404,52,4,3,text/html,80.782136ms,,85ed4345
c9e6f705f3dd403a,http://94.237.57.211:40271/stats/c9e6f705f3dd403a_index.html/stats.txt,,728,404,52,4,3,text/html,94.364166ms,,85ed42d8
9bcf02aa7e9ddb95,http://94.237.57.211:40271/stats/9bcf02aa7e9ddb95_index.html/stats.txt,,843,404,52,4,3,text/html,90.671847ms,,85ed434b
f52718e4f574158b,http://94.237.57.211:40271/stats/f52718e4f574158b_index.html/stats.txt,,851,404,52,4,3,text/html,78.617612ms,,85ed4353
7964f655d291502b,http://94.237.57.211:40271/stats/7964f655d291502b_index.html/stats.txt,,842,404,52,4,3,text/html,88.944394ms,,85ed434a
95dce989a66c5b81,http://94.237.57.211:40271/stats/95dce989a66c5b81_index.html/stats.txt,,848,404,52,4,3,text/html,82.657066ms,,85ed4350
1fc4c02668f4765e,http://94.237.57.211:40271/stats/1fc4c02668f4765e_index.html/stats.txt,,854,404,52,4,3,text/html,75.813536ms,,85ed4356
2543055e072dee4b,http://94.237.57.211:40271/stats/2543055e072dee4b_index.html/stats.txt,,730,404,52,4,3,text/html,95.665333ms,,85ed42da
dac8957b5bed25d4,http://94.237.57.211:40271/stats/dac8957b5bed25d4_index.html/stats.txt,,845,404,52,4,3,text/html,86.69884ms,,85ed434d
4951f3c7eece5c31,http://94.237.57.211:40271/stats/4951f3c7eece5c31_index.html/stats.txt,,847,404,52,4,3,text/html,82.10159ms,,85ed434f
de1046c3a19258aa,http://94.237.57.211:40271/stats/de1046c3a19258aa_index.html/stats.txt,,841,404,52,4,3,text/html,90.267942ms,,85ed4349
34f1fc8fde226330,http://94.237.57.211:40271/stats/34f1fc8fde226330_index.html/stats.txt,,849,404,52,4,3,text/html,80.4617ms,,85ed4351
521c2924ad7a4f48,http://94.237.57.211:40271/stats/521c2924ad7a4f48_index.html/stats.txt,,846,404,52,4,3,text/html,84.471778ms,,85ed434e
58538e0339c4288f,http://94.237.57.211:40271/stats/58538e0339c4288f_index.html/stats.txt,,726,404,52,4,3,text/html,96.264725ms,,85ed42d6
17a5ebea762d4bca,http://94.237.57.211:40271/stats/17a5ebea762d4bca_index.html/stats.txt,,840,404,52,4,3,text/html,96.230642ms,,85ed4348
61742e3f969270d4,http://94.237.57.211:40271/stats/61742e3f969270d4_index.html/stats.txt,,853,404,52,4,3,text/html,78.873439ms,,85ed4355
ae611294aad1b502,http://94.237.57.211:40271/stats/ae611294aad1b502_index.html/stats.txt,,729,404,52,4,3,text/html,96.658699ms,,85ed42d9
42c77fb8f4ca82d2,http://94.237.57.211:40271/stats/42c77fb8f4ca82d2_index.html/stats.txt,,844,404,52,4,3,text/html,89.143883ms,,85ed434c
f562645d56dbbb71,http://94.237.57.211:40271/stats/f562645d56dbbb71_index.html/stats.txt,,858,404,52,4,3,text/html,77.086114ms,,85ed435a
50fe14f76a70789f,http://94.237.57.211:40271/stats/50fe14f76a70789f_index.html/stats.txt,,852,404,52,4,3,text/html,81.071938ms,,85ed4354
1b8e421003579b53,http://94.237.57.211:40271/stats/1b8e421003579b53_index.html/stats.txt,,855,404,52,4,3,text/html,80.33177ms,,85ed4357
55b04ac020c25f81,http://94.237.57.211:40271/stats/55b04ac020c25f81_index.html/stats.txt,,856,404,52,4,3,text/html,79.429311ms,,85ed4358
69fd816c541dc0aa,http://94.237.57.211:40271/stats/69fd816c541dc0aa_index.html/stats.txt,,859,404,52,4,3,text/html,79.385615ms,,85ed435b
378dc0cd1f30a23e,http://94.237.57.211:40271/stats/378dc0cd1f30a23e_index.html/stats.txt,,857,404,52,4,3,text/html,80.536777ms,,85ed4359
cd0a6aedcdc96e04,http://94.237.57.211:40271/stats/cd0a6aedcdc96e04_index.html/stats.txt,,860,404,52,4,3,text/html,80.063003ms,,85ed435c
d519b12bf46d9c5d,http://94.237.57.211:40271/stats/d519b12bf46d9c5d_index.html/stats.txt,,862,404,52,4,3,text/html,79.809062ms,,85ed435e
94d3f5619c6365f2,http://94.237.57.211:40271/stats/94d3f5619c6365f2_index.html/stats.txt,,864,404,52,4,3,text/html,79.782137ms,,85ed4360
562ed1765f73b454,http://94.237.57.211:40271/stats/562ed1765f73b454_index.html/stats.txt,,861,404,52,4,3,text/html,81.052627ms,,85ed435d
913768f0aa1d4480,http://94.237.57.211:40271/stats/913768f0aa1d4480_index.html/stats.txt,,865,404,52,4,3,text/html,76.79893ms,,85ed4361
6a1ecabf3b8a6908,http://94.237.57.211:40271/stats/6a1ecabf3b8a6908_index.html/stats.txt,,863,404,52,4,3,text/html,80.870249ms,,85ed435f
36f6ab2a634887cd,http://94.237.57.211:40271/stats/36f6ab2a634887cd_index.html/stats.txt,,866,404,52,4,3,text/html,83.218521ms,,85ed4362
66518ca1dbf5a970,http://94.237.57.211:40271/stats/66518ca1dbf5a970_index.html/stats.txt,,867,404,52,4,3,text/html,74.803425ms,,85ed4363
6ebf8318dcc79812,http://94.237.57.211:40271/stats/6ebf8318dcc79812_index.html/stats.txt,,869,404,52,4,3,text/html,79.449833ms,,85ed4365
bd443c208cc4eef2,http://94.237.57.211:40271/stats/bd443c208cc4eef2_index.html/stats.txt,,870,404,52,4,3,text/html,80.658419ms,,85ed4366
157a93f1703c6138,http://94.237.57.211:40271/stats/157a93f1703c6138_index.html/stats.txt,,871,404,52,4,3,text/html,78.863053ms,,85ed4367
c89ed16401375792,http://94.237.57.211:40271/stats/c89ed16401375792_index.html/stats.txt,,868,404,52,4,3,text/html,82.462286ms,,85ed4364
b3f0f090b888a275,http://94.237.57.211:40271/stats/b3f0f090b888a275_index.html/stats.txt,,873,404,52,4,3,text/html,80.690407ms,,85ed4369
ccdf9658a3844ab8,http://94.237.57.211:40271/stats/ccdf9658a3844ab8_index.html/stats.txt,,874,404,52,4,3,text/html,79.153426ms,,85ed436a
da329ddb69f46dd7,http://94.237.57.211:40271/stats/da329ddb69f46dd7_index.html/stats.txt,,872,404,52,4,3,text/html,80.96375ms,,85ed4368
3d44cea6383c7eeb,http://94.237.57.211:40271/stats/3d44cea6383c7eeb_index.html/stats.txt,,876,404,52,4,3,text/html,75.020712ms,,85ed436c
fedda96e190aa7f3,http://94.237.57.211:40271/stats/fedda96e190aa7f3_index.html/stats.txt,,875,404,52,4,3,text/html,80.031372ms,,85ed436b
2c6e7be4f61e5ac3,http://94.237.57.211:40271/stats/2c6e7be4f61e5ac3_index.html/stats.txt,,877,404,52,4,3,text/html,79.020206ms,,85ed436d
fdf01ba074665872,http://94.237.57.211:40271/stats/fdf01ba074665872_index.html/stats.txt,,878,404,52,4,3,text/html,80.675066ms,,85ed436e
4302e15d0c885049,http://94.237.57.211:40271/stats/4302e15d0c885049_index.html/stats.txt,,879,404,52,4,3,text/html,81.683158ms,,85ed436f
3552f13b5ac70c81,http://94.237.57.211:40271/stats/3552f13b5ac70c81_index.html/stats.txt,,887,404,52,4,3,text/html,75.514735ms,,85ed4377
29651b40e3b89b64,http://94.237.57.211:40271/stats/29651b40e3b89b64_index.html/stats.txt,,886,404,52,4,3,text/html,79.089782ms,,85ed4376
0df0b33cbf6294f3,http://94.237.57.211:40271/stats/0df0b33cbf6294f3_index.html/stats.txt,,893,404,52,4,3,text/html,74.757582ms,,85ed437d
34cb981783337bb8,http://94.237.57.211:40271/stats/34cb981783337bb8_index.html/stats.txt,,890,404,52,4,3,text/html,75.80017ms,,85ed437a
e2658489725760f5,http://94.237.57.211:40271/stats/e2658489725760f5_index.html/stats.txt,,892,404,52,4,3,text/html,74.603124ms,,85ed437c
866cf3e0340062c2,http://94.237.57.211:40271/stats/866cf3e0340062c2_index.html/stats.txt,,891,404,52,4,3,text/html,75.741276ms,,85ed437b
2d2c0ab0608669e6,http://94.237.57.211:40271/stats/2d2c0ab0608669e6_index.html/stats.txt,,894,404,52,4,3,text/html,80.720365ms,,85ed437e
84ba06e5424d0b27,http://94.237.57.211:40271/stats/84ba06e5424d0b27_index.html/stats.txt,,909,404,52,4,3,text/html,76.01306ms,,85ed438d
8e6dc700c427f5d2,http://94.237.57.211:40271/stats/8e6dc700c427f5d2_index.html/stats.txt,,896,404,52,4,3,text/html,81.07425ms,,85ed4380
17a80ed60ba2c938,http://94.237.57.211:40271/stats/17a80ed60ba2c938_index.html/stats.txt,,897,404,52,4,3,text/html,81.032167ms,,85ed4381
ced4e92e5a52144c,http://94.237.57.211:40271/stats/ced4e92e5a52144c_index.html/stats.txt,,898,404,52,4,3,text/html,80.599432ms,,85ed4382
c811928d38875f50,http://94.237.57.211:40271/stats/c811928d38875f50_index.html/stats.txt,,900,404,52,4,3,text/html,79.126048ms,,85ed4384
5a71156961884725,http://94.237.57.211:40271/stats/5a71156961884725_index.html/stats.txt,,905,404,52,4,3,text/html,79.851422ms,,85ed4389
e553439373aef06f,http://94.237.57.211:40271/stats/e553439373aef06f_index.html/stats.txt,,906,404,52,4,3,text/html,80.638835ms,,85ed438a
fbdd68ff39b19001,http://94.237.57.211:40271/stats/fbdd68ff39b19001_index.html/stats.txt,,903,404,52,4,3,text/html,80.96346ms,,85ed4387
bf481cae5bf7bec2,http://94.237.57.211:40271/stats/bf481cae5bf7bec2_index.html/stats.txt,,915,404,52,4,3,text/html,77.623044ms,,85ed4393
04f04c0eef12da10,http://94.237.57.211:40271/stats/04f04c0eef12da10_index.html/stats.txt,,911,404,52,4,3,text/html,80.817656ms,,85ed438f
c45c0c1eae206a5d,http://94.237.57.211:40271/stats/c45c0c1eae206a5d_index.html/stats.txt,,902,404,52,4,3,text/html,81.814225ms,,85ed4386
67a2dba9b4804538,http://94.237.57.211:40271/stats/67a2dba9b4804538_index.html/stats.txt,,912,404,52,4,3,text/html,80.946505ms,,85ed4390
2154c7cb4212a59c,http://94.237.57.211:40271/stats/2154c7cb4212a59c_index.html/stats.txt,,908,404,52,4,3,text/html,82.50474ms,,85ed438c
8b586ec40afec6cc,http://94.237.57.211:40271/stats/8b586ec40afec6cc_index.html/stats.txt,,907,404,52,4,3,text/html,82.466148ms,,85ed438b
a04ebb13fcab8288,http://94.237.57.211:40271/stats/a04ebb13fcab8288_index.html/stats.txt,,910,404,52,4,3,text/html,82.244254ms,,85ed438e
fca4cf94cd73cd44,http://94.237.57.211:40271/stats/fca4cf94cd73cd44_index.html/stats.txt,,917,404,52,4,3,text/html,80.356363ms,,85ed4395
3e8d54eb07a43450,http://94.237.57.211:40271/stats/3e8d54eb07a43450_index.html/stats.txt,,850,404,52,4,3,text/html,366.861097ms,,85ed4352
02d9a5ec143dcf75,http://94.237.57.211:40271/stats/02d9a5ec143dcf75_index.html/stats.txt,,947,404,52,4,3,text/html,80.982679ms,,85ed43b3
13387e3460538c30,http://94.237.57.211:40271/stats/13387e3460538c30_index.html/stats.txt,,949,404,52,4,3,text/html,77.014014ms,,85ed43b5
9b310056814f7557,http://94.237.57.211:40271/stats/9b310056814f7557_index.html/stats.txt,,948,404,52,4,3,text/html,80.133498ms,,85ed43b4
1234bde65f24bc62,http://94.237.57.211:40271/stats/1234bde65f24bc62_index.html/stats.txt,,950,404,52,4,3,text/html,80.993118ms,,85ed43b6
fd624e119f1e863b,http://94.237.57.211:40271/stats/fd624e119f1e863b_index.html/stats.txt,,951,404,52,4,3,text/html,77.402881ms,,85ed43b7
7f7e3f0c309da481,http://94.237.57.211:40271/stats/7f7e3f0c309da481_index.html/stats.txt,,657,404,52,4,3,text/html,82.67407ms,,85ed4291
4a3b4e2a000e83c5,http://94.237.57.211:40271/stats/4a3b4e2a000e83c5_index.html/stats.txt,,658,404,52,4,3,text/html,81.876134ms,,85ed4292
d56d1e5c1c05b763,http://94.237.57.211:40271/stats/d56d1e5c1c05b763_index.html/stats.txt,,659,404,52,4,3,text/html,81.461945ms,,85ed4293
4f8691d0d60627e9,http://94.237.57.211:40271/stats/4f8691d0d60627e9_index.html/stats.txt,,952,404,52,4,3,text/html,81.947162ms,,85ed43b8
b8b7b654c8cfffc7,http://94.237.57.211:40271/stats/b8b7b654c8cfffc7_index.html/stats.txt,,962,404,52,4,3,text/html,82.5558ms,,85ed43c2
a75ad2c5a039ae61,http://94.237.57.211:40271/stats/a75ad2c5a039ae61_index.html/stats.txt,,963,404,52,4,3,text/html,82.984885ms,,85ed43c3
249936ec6835b310,http://94.237.57.211:40271/stats/249936ec6835b310_index.html/stats.txt,,966,404,52,4,3,text/html,81.374186ms,,85ed43c6
9086d530bf83918b,http://94.237.57.211:40271/stats/9086d530bf83918b_index.html/stats.txt,,967,404,52,4,3,text/html,81.089768ms,,85ed43c7
bd343d0edacc20e2,http://94.237.57.211:40271/stats/bd343d0edacc20e2_index.html/stats.txt,,968,404,52,4,3,text/html,81.074527ms,,85ed43c8
2b467954b35c36d7,http://94.237.57.211:40271/stats/2b467954b35c36d7_index.html/stats.txt,,969,404,52,4,3,text/html,79.366697ms,,85ed43c9
f0ef26a40d4bfc5a,http://94.237.57.211:40271/stats/f0ef26a40d4bfc5a_index.html/stats.txt,,668,404,52,4,3,text/html,81.93188ms,,85ed429c
f56cc45da2776d32,http://94.237.57.211:40271/stats/f56cc45da2776d32_index.html/stats.txt,,970,404,52,4,3,text/html,82.419882ms,,85ed43ca
fd4262bdc6f34883,http://94.237.57.211:40271/stats/fd4262bdc6f34883_index.html/stats.txt,,971,404,52,4,3,text/html,83.128496ms,,85ed43cb
3c557917b53a98a5,http://94.237.57.211:40271/stats/3c557917b53a98a5_index.html/stats.txt,,671,404,52,4,3,text/html,81.239939ms,,85ed429f
10d7a042bcfca5f0,http://94.237.57.211:40271/stats/10d7a042bcfca5f0_index.html/stats.txt,,670,404,52,4,3,text/html,81.429048ms,,85ed429e
fa2772d9a7a123ca,http://94.237.57.211:40271/stats/fa2772d9a7a123ca_index.html/stats.txt,,669,404,52,4,3,text/html,82.450682ms,,85ed429d
2785920252b2e47d,http://94.237.57.211:40271/stats/2785920252b2e47d_index.html/stats.txt,,972,404,52,4,3,text/html,81.61963ms,,85ed43cc
29bf4a370a469104,http://94.237.57.211:40271/stats/29bf4a370a469104_index.html/stats.txt,,672,404,52,4,3,text/html,82.371854ms,,85ed42a0
d87ef7957b9c85b7,http://94.237.57.211:40271/stats/d87ef7957b9c85b7_index.html/stats.txt,,674,404,52,4,3,text/html,82.603443ms,,85ed42a2
6d03de14a401deb4,http://94.237.57.211:40271/stats/6d03de14a401deb4_index.html/stats.txt,,673,404,52,4,3,text/html,82.738498ms,,85ed42a1
f2fecfa738674d62,http://94.237.57.211:40271/stats/f2fecfa738674d62_index.html/stats.txt,,675,404,52,4,3,text/html,81.27791ms,,85ed42a3
26979930dd2a354a,http://94.237.57.211:40271/stats/26979930dd2a354a_index.html/stats.txt,,676,404,52,4,3,text/html,82.483947ms,,85ed42a4
